<?xml version="1.0" encoding="UTF-8"?>
<export version="D">
  <design>
    <source>/Users/clarissadaniel/Desktop/LabBench2.0/Power_Supply/powersupply/powersupply.sch</source>
    <date>Tuesday, August 06, 2019 at 03:06:19 PM</date>
    <tool>Eeschema (5.1.2-1)-1</tool>
    <sheet number="1" name="/" tstamps="/">
      <title_block>
        <title/>
        <company/>
        <rev/>
        <date/>
        <source>powersupply.sch</source>
        <comment number="1" value=""/>
        <comment number="2" value=""/>
        <comment number="3" value=""/>
        <comment number="4" value=""/>
      </title_block>
    </sheet>
  </design>
  <components>
    <comp ref="J2">
      <value>USB_B_Micro</value>
      <datasheet>~</datasheet>
      <libsource lib="Connector" part="USB_B_Micro" description="USB Micro Type B connector"/>
      <sheetpath names="/" tstamps="/"/>
      <tstamp>5D3004BA</tstamp>
    </comp>
    <comp ref="U3">
      <value>B0505S-2WR2</value>
      <libsource lib="powersupply" part="RFM-0505S" description=""/>
      <sheetpath names="/" tstamps="/"/>
      <tstamp>5D303F43</tstamp>
    </comp>
    <comp ref="C102">
      <value>1uF</value>
      <footprint>Capacitor_SMD:C_0805_2012Metric</footprint>
      <datasheet>~</datasheet>
      <libsource lib="Device" part="C_Small" description="Unpolarized capacitor, small symbol"/>
      <sheetpath names="/" tstamps="/"/>
      <tstamp>5D48B49D</tstamp>
    </comp>
    <comp ref="C101">
      <value>1uF</value>
      <footprint>Capacitor_SMD:C_0805_2012Metric</footprint>
      <datasheet>~</datasheet>
      <libsource lib="Device" part="C_Small" description="Unpolarized capacitor, small symbol"/>
      <sheetpath names="/" tstamps="/"/>
      <tstamp>5D48BB7E</tstamp>
    </comp>
    <comp ref="U2">
      <value>ATSAMD10D13A-SS</value>
      <footprint>Package_SO:SOIC-20W_7.5x12.8mm_P1.27mm</footprint>
      <datasheet>http://ww1.microchip.com/downloads/en/DeviceDoc/Atmel-42242-SAM-D10_Datasheet.pdf</datasheet>
      <libsource lib="powersupply" part="ATSAMD10D13A-SS" description="ARM Cortex-M0+ MCU, 48MHz, 8KB Flash, 4KB RAM, 1.6-3.6V, 18 GPIO, SOIC-20"/>
      <sheetpath names="/" tstamps="/"/>
      <tstamp>5D47B7D4</tstamp>
    </comp>
    <comp ref="U7">
      <value>LM358P</value>
      <libsource lib="powersupply" part="LM358P" description=""/>
      <sheetpath names="/" tstamps="/"/>
      <tstamp>5D4A8FA5</tstamp>
    </comp>
    <comp ref="R6">
      <value>15k</value>
      <footprint>Resistor_THT:R_Axial_DIN0207_L6.3mm_D2.5mm_P10.16mm_Horizontal</footprint>
      <datasheet>~</datasheet>
      <libsource lib="Device" part="R_Small_US" description="Resistor, small US symbol"/>
      <sheetpath names="/" tstamps="/"/>
      <tstamp>5D4AC3D3</tstamp>
    </comp>
    <comp ref="R7">
      <value>100</value>
      <footprint>Resistor_THT:R_Axial_DIN0207_L6.3mm_D2.5mm_P10.16mm_Horizontal</footprint>
      <datasheet>~</datasheet>
      <libsource lib="Device" part="R_Small_US" description="Resistor, small US symbol"/>
      <sheetpath names="/" tstamps="/"/>
      <tstamp>5D4AD799</tstamp>
    </comp>
    <comp ref="D2">
      <value>1N5819</value>
      <datasheet>~</datasheet>
      <libsource lib="Device" part="D_Small" description="Diode, small symbol"/>
      <sheetpath names="/" tstamps="/"/>
      <tstamp>5D4B1412</tstamp>
    </comp>
    <comp ref="SW1">
      <value>SW_Push</value>
      <footprint>Button_Switch_THT:SW_PUSH_6mm</footprint>
      <datasheet>~</datasheet>
      <libsource lib="Switch" part="SW_Push" description="Push button switch, generic, two pins"/>
      <sheetpath names="/" tstamps="/"/>
      <tstamp>5D3340CA</tstamp>
    </comp>
    <comp ref="R103">
      <value>1k</value>
      <footprint>Resistor_SMD:R_0805_2012Metric</footprint>
      <datasheet>~</datasheet>
      <libsource lib="Device" part="R_Small_US" description="Resistor, small US symbol"/>
      <sheetpath names="/" tstamps="/"/>
      <tstamp>5D4F946F</tstamp>
    </comp>
    <comp ref="R102">
      <value>1k</value>
      <footprint>Resistor_SMD:R_0805_2012Metric</footprint>
      <datasheet>~</datasheet>
      <libsource lib="Device" part="R_Small_US" description="Resistor, small US symbol"/>
      <sheetpath names="/" tstamps="/"/>
      <tstamp>5D4FAA70</tstamp>
    </comp>
    <comp ref="C103">
      <value>15uF</value>
      <footprint>Capacitor_SMD:C_0805_2012Metric</footprint>
      <datasheet>~</datasheet>
      <libsource lib="Device" part="C_Small" description="Unpolarized capacitor, small symbol"/>
      <sheetpath names="/" tstamps="/"/>
      <tstamp>5D502474</tstamp>
    </comp>
    <comp ref="U4">
      <value>TFT_OLED</value>
      <libsource lib="powersupply" part="TFT_OLED" description=""/>
      <sheetpath names="/" tstamps="/"/>
      <tstamp>5D37FF21</tstamp>
    </comp>
    <comp ref="Q1">
      <value>Q_PMOS_GDS</value>
      <datasheet>~</datasheet>
      <libsource lib="Device" part="Q_PMOS_GDS" description="P-MOSFET transistor, gate/drain/source"/>
      <sheetpath names="/" tstamps="/"/>
      <tstamp>5D4B2BFF</tstamp>
    </comp>
    <comp ref="U1">
      <value>AZ1117E-3.3</value>
      <footprint>Package_TO_SOT_SMD:SOT-223-3_TabPin2</footprint>
      <datasheet>https://www.diodes.com/assets/Datasheets/AZ1117.pdf</datasheet>
      <libsource lib="Regulator_Linear" part="AZ1117-3.3" description="1A 20V Fixed LDO Linear Regulator, 3.3V, SOT-89/SOT-223/TO-220/TO-252/TO-263"/>
      <sheetpath names="/" tstamps="/"/>
      <tstamp>5D489A61</tstamp>
    </comp>
    <comp ref="C105">
      <value>15uF</value>
      <footprint>Capacitor_SMD:C_0805_2012Metric</footprint>
      <datasheet>~</datasheet>
      <libsource lib="Device" part="C_Small" description="Unpolarized capacitor, small symbol"/>
      <sheetpath names="/" tstamps="/"/>
      <tstamp>5D5092B9</tstamp>
    </comp>
    <comp ref="U5">
      <value>joystick-K1-1506DN-01</value>
      <libsource lib="powersupply" part="joystick-K1-1506DN-01" description=""/>
      <sheetpath names="/" tstamps="/"/>
      <tstamp>5D4C0110</tstamp>
    </comp>
    <comp ref="C104">
      <value>1uF</value>
      <footprint>Capacitor_SMD:C_0805_2012Metric</footprint>
      <datasheet>~</datasheet>
      <libsource lib="Device" part="C_Small" description="Unpolarized capacitor, small symbol"/>
      <sheetpath names="/" tstamps="/"/>
      <tstamp>5D5A2D7A</tstamp>
    </comp>
    <comp ref="R101">
      <value>4.7k</value>
      <footprint>Resistor_SMD:R_0805_2012Metric</footprint>
      <datasheet>~</datasheet>
      <libsource lib="Device" part="R_Small_US" description="Resistor, small US symbol"/>
      <sheetpath names="/" tstamps="/"/>
      <tstamp>5D4A83DB</tstamp>
    </comp>
    <comp ref="R10">
      <value>3k</value>
      <footprint>Resistor_THT:R_Axial_DIN0207_L6.3mm_D2.5mm_P10.16mm_Horizontal</footprint>
      <datasheet>~</datasheet>
      <libsource lib="Device" part="R_Small_US" description="Resistor, small US symbol"/>
      <sheetpath names="/" tstamps="/"/>
      <tstamp>5D4B4E12</tstamp>
    </comp>
    <comp ref="U6">
      <value>MC33063AP1</value>
      <libsource lib="powersupply" part="MC33063AP1" description=""/>
      <sheetpath names="/" tstamps="/"/>
      <tstamp>5D455E56</tstamp>
    </comp>
    <comp ref="R2">
      <value>180</value>
      <footprint>Resistor_THT:R_Axial_DIN0207_L6.3mm_D2.5mm_P10.16mm_Horizontal</footprint>
      <datasheet>~</datasheet>
      <libsource lib="Device" part="R_Small_US" description="Resistor, small US symbol"/>
      <sheetpath names="/" tstamps="/"/>
      <tstamp>5D459423</tstamp>
    </comp>
    <comp ref="R3">
      <value>0.22</value>
      <footprint>Resistor_THT:R_Axial_DIN0207_L6.3mm_D2.5mm_P10.16mm_Horizontal</footprint>
      <datasheet>~</datasheet>
      <libsource lib="Device" part="R_Small_US" description="Resistor, small US symbol"/>
      <sheetpath names="/" tstamps="/"/>
      <tstamp>5D45B2AA</tstamp>
    </comp>
    <comp ref="C1">
      <value>330 uF</value>
      <datasheet>~</datasheet>
      <libsource lib="Device" part="CP1_Small" description="Polarized capacitor, small US symbol"/>
      <sheetpath names="/" tstamps="/"/>
      <tstamp>5D45B91C</tstamp>
    </comp>
    <comp ref="R5">
      <value>5.5k</value>
      <footprint>Resistor_THT:R_Axial_DIN0207_L6.3mm_D2.5mm_P10.16mm_Horizontal</footprint>
      <datasheet>~</datasheet>
      <libsource lib="Device" part="R_Small_US" description="Resistor, small US symbol"/>
      <sheetpath names="/" tstamps="/"/>
      <tstamp>5D46B727</tstamp>
    </comp>
    <comp ref="C3">
      <value>330uF</value>
      <datasheet>~</datasheet>
      <libsource lib="Device" part="CP1_Small" description="Polarized capacitor, small US symbol"/>
      <sheetpath names="/" tstamps="/"/>
      <tstamp>5D46EC73</tstamp>
    </comp>
    <comp ref="D1">
      <value>1N5819</value>
      <datasheet>~</datasheet>
      <libsource lib="Device" part="D_Zener_Small" description="Zener diode, small symbol"/>
      <sheetpath names="/" tstamps="/"/>
      <tstamp>5D470D69</tstamp>
    </comp>
    <comp ref="C2">
      <value>1500pF</value>
      <datasheet>~</datasheet>
      <libsource lib="Device" part="CP1_Small" description="Polarized capacitor, small US symbol"/>
      <sheetpath names="/" tstamps="/"/>
      <tstamp>5D4755C0</tstamp>
    </comp>
    <comp ref="R1">
      <value>3.17k</value>
      <footprint>Resistor_THT:R_Axial_DIN0207_L6.3mm_D2.5mm_P10.16mm_Horizontal</footprint>
      <datasheet>~</datasheet>
      <libsource lib="Device" part="R_Small_US" description="Resistor, small US symbol"/>
      <sheetpath names="/" tstamps="/"/>
      <tstamp>5D49225A</tstamp>
    </comp>
    <comp ref="L1">
      <value>170uH</value>
      <datasheet>~</datasheet>
      <libsource lib="Device" part="L_Small" description="Inductor, small symbol"/>
      <sheetpath names="/" tstamps="/"/>
      <tstamp>5D4B1E6E</tstamp>
    </comp>
    <comp ref="R4">
      <value>3.6k</value>
      <footprint>Resistor_THT:R_Axial_DIN0207_L6.3mm_D2.5mm_P10.16mm_Horizontal</footprint>
      <datasheet>~</datasheet>
      <libsource lib="Device" part="R_Small_US" description="Resistor, small US symbol"/>
      <sheetpath names="/" tstamps="/"/>
      <tstamp>5D46A6EF</tstamp>
    </comp>
    <comp ref="J1">
      <value>Conn_01x03</value>
      <footprint>Connector_PinHeader_2.54mm:PinHeader_1x03_P2.54mm_Vertical</footprint>
      <datasheet>~</datasheet>
      <libsource lib="Connector_Generic" part="Conn_01x03" description="Generic connector, single row, 01x03, script generated (kicad-library-utils/schlib/autogen/connector/)"/>
      <sheetpath names="/" tstamps="/"/>
      <tstamp>5D4EFDE3</tstamp>
    </comp>
    <comp ref="R106">
      <value>0</value>
      <footprint>Resistor_SMD:R_0805_2012Metric</footprint>
      <datasheet>~</datasheet>
      <libsource lib="Device" part="R_Small_US" description="Resistor, small US symbol"/>
      <sheetpath names="/" tstamps="/"/>
      <tstamp>5D556674</tstamp>
    </comp>
    <comp ref="R107">
      <value>0</value>
      <footprint>Resistor_SMD:R_0805_2012Metric</footprint>
      <datasheet>~</datasheet>
      <libsource lib="Device" part="R_Small_US" description="Resistor, small US symbol"/>
      <sheetpath names="/" tstamps="/"/>
      <tstamp>5D557710</tstamp>
    </comp>
    <comp ref="R108">
      <value>0</value>
      <footprint>Resistor_SMD:R_0805_2012Metric</footprint>
      <datasheet>~</datasheet>
      <libsource lib="Device" part="R_Small_US" description="Resistor, small US symbol"/>
      <sheetpath names="/" tstamps="/"/>
      <tstamp>5D557F5A</tstamp>
    </comp>
    <comp ref="R109">
      <value>0</value>
      <footprint>Resistor_SMD:R_0805_2012Metric</footprint>
      <datasheet>~</datasheet>
      <libsource lib="Device" part="R_Small_US" description="Resistor, small US symbol"/>
      <sheetpath names="/" tstamps="/"/>
      <tstamp>5D55B992</tstamp>
    </comp>
    <comp ref="L2">
      <value>1uH</value>
      <datasheet>~</datasheet>
      <libsource lib="Device" part="L_Small" description="Inductor, small symbol"/>
      <sheetpath names="/" tstamps="/"/>
      <tstamp>5D572C97</tstamp>
    </comp>
    <comp ref="C4">
      <value>100uF</value>
      <datasheet>~</datasheet>
      <libsource lib="Device" part="CP1_Small" description="Polarized capacitor, small US symbol"/>
      <sheetpath names="/" tstamps="/"/>
      <tstamp>5D5744DC</tstamp>
    </comp>
    <comp ref="R8">
      <value>132k</value>
      <footprint>Resistor_THT:R_Axial_DIN0207_L6.3mm_D2.5mm_P10.16mm_Horizontal</footprint>
      <datasheet>~</datasheet>
      <libsource lib="Device" part="R_Small_US" description="Resistor, small US symbol"/>
      <sheetpath names="/" tstamps="/"/>
      <tstamp>5D4C0D0A</tstamp>
    </comp>
    <comp ref="R9">
      <value>100</value>
      <footprint>Resistor_THT:R_Axial_DIN0207_L6.3mm_D2.5mm_P10.16mm_Horizontal</footprint>
      <datasheet>~</datasheet>
      <libsource lib="Device" part="R_Small_US" description="Resistor, small US symbol"/>
      <sheetpath names="/" tstamps="/"/>
      <tstamp>5D4C174A</tstamp>
    </comp>
    <comp ref="R11">
      <value>2.32k</value>
      <footprint>Resistor_THT:R_Axial_DIN0207_L6.3mm_D2.5mm_P10.16mm_Horizontal</footprint>
      <datasheet>~</datasheet>
      <libsource lib="Device" part="R_Small_US" description="Resistor, small US symbol"/>
      <sheetpath names="/" tstamps="/"/>
      <tstamp>5D4D044A</tstamp>
    </comp>
    <comp ref="R12">
      <value>1k</value>
      <footprint>Resistor_THT:R_Axial_DIN0207_L6.3mm_D2.5mm_P10.16mm_Horizontal</footprint>
      <datasheet>~</datasheet>
      <libsource lib="Device" part="R_Small_US" description="Resistor, small US symbol"/>
      <sheetpath names="/" tstamps="/"/>
      <tstamp>5D4D11A0</tstamp>
    </comp>
    <comp ref="R13">
      <value>0.05</value>
      <footprint>Resistor_THT:R_Axial_DIN0207_L6.3mm_D2.5mm_P10.16mm_Horizontal</footprint>
      <datasheet>~</datasheet>
      <libsource lib="Device" part="R_Small_US" description="Resistor, small US symbol"/>
      <sheetpath names="/" tstamps="/"/>
      <tstamp>5D4E54B6</tstamp>
    </comp>
    <comp ref="U9">
      <value>1x2</value>
      <libsource lib="Connector_Generic" part="Conn_01x02" description="Generic connector, single row, 01x02, script generated (kicad-library-utils/schlib/autogen/connector/)"/>
      <sheetpath names="/" tstamps="/"/>
      <tstamp>5D48A8A7</tstamp>
    </comp>
    <comp ref="C5">
      <value>100uF</value>
      <datasheet>~</datasheet>
      <libsource lib="Device" part="CP1_Small" description="Polarized capacitor, small US symbol"/>
      <sheetpath names="/" tstamps="/"/>
      <tstamp>5D53307C</tstamp>
    </comp>
    <comp ref="R14">
      <value>1k</value>
      <footprint>Resistor_THT:R_Axial_DIN0207_L6.3mm_D2.5mm_P10.16mm_Horizontal</footprint>
      <datasheet>~</datasheet>
      <libsource lib="Device" part="R_Small_US" description="Resistor, small US symbol"/>
      <sheetpath names="/" tstamps="/"/>
      <tstamp>5D5DBC0A</tstamp>
    </comp>
    <comp ref="D3">
      <value>6V</value>
      <datasheet>~</datasheet>
      <libsource lib="Device" part="D_Zener_Small" description="Zener diode, small symbol"/>
      <sheetpath names="/" tstamps="/"/>
      <tstamp>5D5DCC75</tstamp>
    </comp>
    <comp ref="U10">
      <value>MCP6001-OT</value>
      <footprint>Package_TO_SOT_SMD:SOT-23-5</footprint>
      <datasheet>http://ww1.microchip.com/downloads/en/DeviceDoc/21733j.pdf</datasheet>
      <libsource lib="Amplifier_Operational" part="MCP6001-OT" description="1MHz, Low-Power Op Amp, SOT-23-5"/>
      <sheetpath names="/" tstamps="/"/>
      <tstamp>5D5E94BA</tstamp>
    </comp>
    <comp ref="R15">
      <value>10k</value>
      <footprint>Resistor_THT:R_Axial_DIN0207_L6.3mm_D2.5mm_P10.16mm_Horizontal</footprint>
      <datasheet>~</datasheet>
      <libsource lib="Device" part="R_Small_US" description="Resistor, small US symbol"/>
      <sheetpath names="/" tstamps="/"/>
      <tstamp>5D5F6DCC</tstamp>
    </comp>
    <comp ref="R16">
      <value>100</value>
      <footprint>Resistor_THT:R_Axial_DIN0207_L6.3mm_D2.5mm_P10.16mm_Horizontal</footprint>
      <datasheet>~</datasheet>
      <libsource lib="Device" part="R_Small_US" description="Resistor, small US symbol"/>
      <sheetpath names="/" tstamps="/"/>
      <tstamp>5D5F7B68</tstamp>
    </comp>
    <comp ref="R104">
      <value>4.7k</value>
      <footprint>Resistor_SMD:R_0805_2012Metric</footprint>
      <datasheet>~</datasheet>
      <libsource lib="Device" part="R_Small_US" description="Resistor, small US symbol"/>
      <sheetpath names="/" tstamps="/"/>
      <tstamp>5D5342E8</tstamp>
    </comp>
    <comp ref="R105">
      <value>4.7k</value>
      <footprint>Resistor_SMD:R_0805_2012Metric</footprint>
      <datasheet>~</datasheet>
      <libsource lib="Device" part="R_Small_US" description="Resistor, small US symbol"/>
      <sheetpath names="/" tstamps="/"/>
      <tstamp>5D5363F7</tstamp>
    </comp>
    <comp ref="U8">
      <value>1x2</value>
      <libsource lib="Connector_Generic" part="Conn_01x02" description="Generic connector, single row, 01x02, script generated (kicad-library-utils/schlib/autogen/connector/)"/>
      <sheetpath names="/" tstamps="/"/>
      <tstamp>5D4A34EF</tstamp>
    </comp>
  </components>
  <libparts>
    <libpart lib="Amplifier_Operational" part="MCP6L91T-EOT">
      <aliases>
        <alias>MCP6561-OT</alias>
        <alias>MCP6001-OT</alias>
        <alias>MCP601-xOT</alias>
        <alias>OPA333xxDBV</alias>
        <alias>OPA340NA</alias>
        <alias>OPA376xxDBV</alias>
        <alias>TS881xLx</alias>
        <alias>TSV911xxLx</alias>
        <alias>OPA330xxDBV</alias>
        <alias>OPA356xxDBV</alias>
        <alias>LMH6702MF</alias>
        <alias>LMH6609MF</alias>
        <alias>TLV2371DBV</alias>
        <alias>OPA842xDBV</alias>
        <alias>OPA843xDBV</alias>
        <alias>OPA846xDBV</alias>
      </aliases>
      <description>10 MHz, 850 µA Op Amps, SOT-23-5</description>
      <docs>http://ww1.microchip.com/downloads/en/DeviceDoc/22141b.pdf</docs>
      <footprints>
        <fp>SOT?23*</fp>
      </footprints>
      <fields>
        <field name="Reference">U</field>
        <field name="Value">MCP6L91T-EOT</field>
        <field name="Footprint">Package_TO_SOT_SMD:SOT-23-5</field>
      </fields>
      <pins>
        <pin num="1" name="~" type="output"/>
        <pin num="2" name="V-" type="power_in"/>
        <pin num="3" name="+" type="input"/>
        <pin num="4" name="-" type="input"/>
        <pin num="5" name="V+" type="power_in"/>
      </pins>
    </libpart>
    <libpart lib="Connector" part="USB_B_Micro">
      <aliases>
        <alias>USB_B_Mini</alias>
      </aliases>
      <description>USB Micro Type B connector</description>
      <docs>~</docs>
      <footprints>
        <fp>USB*</fp>
      </footprints>
      <fields>
        <field name="Reference">J</field>
        <field name="Value">USB_B_Micro</field>
      </fields>
      <pins>
        <pin num="1" name="VBUS" type="power_out"/>
        <pin num="2" name="D-" type="passive"/>
        <pin num="3" name="D+" type="passive"/>
        <pin num="4" name="ID" type="passive"/>
        <pin num="5" name="GND" type="power_out"/>
        <pin num="6" name="Shield" type="passive"/>
      </pins>
    </libpart>
    <libpart lib="Connector_Generic" part="Conn_01x02">
      <description>Generic connector, single row, 01x02, script generated (kicad-library-utils/schlib/autogen/connector/)</description>
      <docs>~</docs>
      <footprints>
        <fp>Connector*:*_1x??_*</fp>
      </footprints>
      <fields>
        <field name="Reference">J</field>
        <field name="Value">Conn_01x02</field>
      </fields>
      <pins>
        <pin num="1" name="Pin_1" type="passive"/>
        <pin num="2" name="Pin_2" type="passive"/>
      </pins>
    </libpart>
    <libpart lib="Connector_Generic" part="Conn_01x03">
      <description>Generic connector, single row, 01x03, script generated (kicad-library-utils/schlib/autogen/connector/)</description>
      <docs>~</docs>
      <footprints>
        <fp>Connector*:*_1x??_*</fp>
      </footprints>
      <fields>
        <field name="Reference">J</field>
        <field name="Value">Conn_01x03</field>
      </fields>
      <pins>
        <pin num="1" name="Pin_1" type="passive"/>
        <pin num="2" name="Pin_2" type="passive"/>
        <pin num="3" name="Pin_3" type="passive"/>
      </pins>
    </libpart>
    <libpart lib="Device" part="CP1_Small">
      <description>Polarized capacitor, small US symbol</description>
      <docs>~</docs>
      <footprints>
        <fp>CP_*</fp>
      </footprints>
      <fields>
        <field name="Reference">C</field>
        <field name="Value">CP1_Small</field>
      </fields>
      <pins>
        <pin num="1" name="~" type="passive"/>
        <pin num="2" name="~" type="passive"/>
      </pins>
    </libpart>
    <libpart lib="Device" part="C_Small">
      <description>Unpolarized capacitor, small symbol</description>
      <docs>~</docs>
      <footprints>
        <fp>C_*</fp>
      </footprints>
      <fields>
        <field name="Reference">C</field>
        <field name="Value">C_Small</field>
      </fields>
      <pins>
        <pin num="1" name="~" type="passive"/>
        <pin num="2" name="~" type="passive"/>
      </pins>
    </libpart>
    <libpart lib="Device" part="D_Small">
      <description>Diode, small symbol</description>
      <docs>~</docs>
      <footprints>
        <fp>TO-???*</fp>
        <fp>*_Diode_*</fp>
        <fp>*SingleDiode*</fp>
        <fp>D_*</fp>
      </footprints>
      <fields>
        <field name="Reference">D</field>
        <field name="Value">D_Small</field>
      </fields>
      <pins>
        <pin num="1" name="K" type="passive"/>
        <pin num="2" name="A" type="passive"/>
      </pins>
    </libpart>
    <libpart lib="Device" part="D_Zener_Small">
      <description>Zener diode, small symbol</description>
      <docs>~</docs>
      <footprints>
        <fp>TO-???*</fp>
        <fp>*_Diode_*</fp>
        <fp>*SingleDiode*</fp>
        <fp>D_*</fp>
      </footprints>
      <fields>
        <field name="Reference">D</field>
        <field name="Value">D_Zener_Small</field>
      </fields>
      <pins>
        <pin num="1" name="K" type="passive"/>
        <pin num="2" name="A" type="passive"/>
      </pins>
    </libpart>
    <libpart lib="Device" part="L_Small">
      <description>Inductor, small symbol</description>
      <docs>~</docs>
      <footprints>
        <fp>Choke_*</fp>
        <fp>*Coil*</fp>
        <fp>Inductor_*</fp>
        <fp>L_*</fp>
      </footprints>
      <fields>
        <field name="Reference">L</field>
        <field name="Value">L_Small</field>
      </fields>
      <pins>
        <pin num="1" name="~" type="passive"/>
        <pin num="2" name="~" type="passive"/>
      </pins>
    </libpart>
    <libpart lib="Device" part="Q_PMOS_GDS">
      <description>P-MOSFET transistor, gate/drain/source</description>
      <docs>~</docs>
      <fields>
        <field name="Reference">Q</field>
        <field name="Value">Q_PMOS_GDS</field>
      </fields>
      <pins>
        <pin num="1" name="G" type="input"/>
        <pin num="2" name="D" type="passive"/>
        <pin num="3" name="S" type="passive"/>
      </pins>
    </libpart>
    <libpart lib="Device" part="R_Small_US">
      <description>Resistor, small US symbol</description>
      <docs>~</docs>
      <footprints>
        <fp>R_*</fp>
      </footprints>
      <fields>
        <field name="Reference">R</field>
        <field name="Value">R_Small_US</field>
      </fields>
      <pins>
        <pin num="1" name="~" type="passive"/>
        <pin num="2" name="~" type="passive"/>
      </pins>
    </libpart>
    <libpart lib="Regulator_Linear" part="AZ1117-1.2">
      <aliases>
        <alias>AZ1117-1.5</alias>
        <alias>AZ1117-1.8</alias>
        <alias>AZ1117-2.5</alias>
        <alias>AZ1117-2.85</alias>
        <alias>AZ1117-3.3</alias>
        <alias>AZ1117-5.0</alias>
      </aliases>
      <description>1A 20V Fixed LDO Linear Regulator, 1.2V, SOT-89/SOT-223/TO-220/TO-252/TO-263</description>
      <docs>https://www.diodes.com/assets/Datasheets/AZ1117.pdf</docs>
      <footprints>
        <fp>SOT?223*</fp>
        <fp>SOT?89*</fp>
        <fp>TO?220*</fp>
        <fp>TO?252*</fp>
        <fp>TO?263*</fp>
      </footprints>
      <fields>
        <field name="Reference">U</field>
        <field name="Value">AZ1117-1.2</field>
      </fields>
      <pins>
        <pin num="1" name="GND" type="power_in"/>
        <pin num="2" name="VO" type="power_out"/>
        <pin num="3" name="VI" type="power_in"/>
      </pins>
    </libpart>
    <libpart lib="Switch" part="SW_Push">
      <description>Push button switch, generic, two pins</description>
      <docs>~</docs>
      <fields>
        <field name="Reference">SW</field>
        <field name="Value">SW_Push</field>
      </fields>
      <pins>
        <pin num="1" name="1" type="passive"/>
        <pin num="2" name="2" type="passive"/>
      </pins>
    </libpart>
    <libpart lib="powersupply" part="ATSAMD10D13A-SS">
      <aliases>
        <alias>ATSAMD10D14A-SS</alias>
        <alias>ATSAMD11D14A-SS</alias>
      </aliases>
      <description>ARM Cortex-M0+ MCU, 48MHz, 8KB Flash, 4KB RAM, 1.6-3.6V, 18 GPIO, SOIC-20</description>
      <docs>http://ww1.microchip.com/downloads/en/DeviceDoc/Atmel-42242-SAM-D10_Datasheet.pdf</docs>
      <footprints>
        <fp>SOIC*7.5x12.8mm*P1.27mm*</fp>
      </footprints>
      <fields>
        <field name="Reference">U</field>
        <field name="Value">ATSAMD10D13A-SS</field>
        <field name="Footprint">Package_SO:SOIC-20W_7.5x12.8mm_P1.27mm</field>
      </fields>
      <pins>
        <pin num="1" name="PA05" type="BiDi"/>
        <pin num="2" name="PA06" type="BiDi"/>
        <pin num="3" name="PA07" type="BiDi"/>
        <pin num="4" name="PA08/XIN" type="BiDi"/>
        <pin num="5" name="PA09/XOUT" type="BiDi"/>
        <pin num="6" name="PA14" type="BiDi"/>
        <pin num="7" name="PA15" type="BiDi"/>
        <pin num="8" name="PA16" type="BiDi"/>
        <pin num="9" name="PA22" type="BiDi"/>
        <pin num="10" name="PA23" type="BiDi"/>
        <pin num="11" name="PA28/~RST" type="BiDi"/>
        <pin num="12" name="PA30/SWCLK" type="BiDi"/>
        <pin num="13" name="PA31/SWDIO" type="BiDi"/>
        <pin num="14" name="PA24" type="BiDi"/>
        <pin num="15" name="PA25" type="BiDi"/>
        <pin num="16" name="GND" type="power_in"/>
        <pin num="17" name="VDD" type="power_in"/>
        <pin num="18" name="PA02" type="BiDi"/>
        <pin num="19" name="PA03" type="BiDi"/>
        <pin num="20" name="PA04" type="BiDi"/>
      </pins>
    </libpart>
    <libpart lib="powersupply" part="LM358P">
      <fields>
        <field name="Reference">U</field>
        <field name="Value">LM358P</field>
      </fields>
      <pins>
        <pin num="1" name="Out1" type="input"/>
        <pin num="2" name="In1-" type="input"/>
        <pin num="3" name="In1+" type="input"/>
        <pin num="4" name="V-" type="input"/>
        <pin num="5" name="V+" type="input"/>
        <pin num="6" name="Out2" type="input"/>
        <pin num="7" name="In2-" type="input"/>
        <pin num="8" name="In2+" type="input"/>
      </pins>
    </libpart>
    <libpart lib="powersupply" part="MC33063AP1">
      <fields>
        <field name="Reference">U</field>
        <field name="Value">MC33063AP1</field>
      </fields>
      <pins>
        <pin num="1" name="Sw_coll" type="input"/>
        <pin num="2" name="Sw_emitter" type="input"/>
        <pin num="3" name="Timing_cap" type="input"/>
        <pin num="4" name="GND" type="input"/>
        <pin num="5" name="Comp-" type="input"/>
        <pin num="6" name="Vcc" type="input"/>
        <pin num="7" name="Ipk_sense" type="input"/>
        <pin num="8" name="Drive_coll" type="input"/>
      </pins>
    </libpart>
    <libpart lib="powersupply" part="RFM-0505S">
      <fields>
        <field name="Reference">U</field>
        <field name="Value">RFM-0505S</field>
      </fields>
      <pins>
        <pin num="1" name="-Vin" type="input"/>
        <pin num="2" name="+Vin" type="input"/>
        <pin num="3" name="-Vout" type="output"/>
        <pin num="4" name="+Vout" type="output"/>
      </pins>
    </libpart>
    <libpart lib="powersupply" part="TFT_OLED">
      <fields>
        <field name="Reference">U</field>
        <field name="Value">TFT_OLED</field>
      </fields>
      <pins>
        <pin num="1" name="GND" type="input"/>
        <pin num="2" name="VCC" type="input"/>
        <pin num="3" name="SCK" type="input"/>
        <pin num="4" name="SDA" type="input"/>
      </pins>
    </libpart>
    <libpart lib="powersupply" part="joystick-K1-1506DN-01">
      <fields>
        <field name="Reference">U</field>
        <field name="Value">joystick-K1-1506DN-01</field>
      </fields>
      <pins>
        <pin num="1" name="up" type="input"/>
        <pin num="2" name="left" type="input"/>
        <pin num="3" name="down" type="input"/>
        <pin num="4" name="common" type="input"/>
        <pin num="5" name="right" type="input"/>
        <pin num="6" name="center" type="input"/>
      </pins>
    </libpart>
  </libparts>
  <libraries>
    <library logical="Amplifier_Operational">
      <uri>/Library/Application Support/kicad/library/Amplifier_Operational.lib</uri>
    </library>
    <library logical="Connector">
      <uri>/Library/Application Support/kicad/library/Connector.lib</uri>
    </library>
    <library logical="Connector_Generic">
      <uri>/Library/Application Support/kicad/library/Connector_Generic.lib</uri>
    </library>
    <library logical="Device">
      <uri>/Library/Application Support/kicad/library/Device.lib</uri>
    </library>
    <library logical="Regulator_Linear">
      <uri>/Library/Application Support/kicad/library/Regulator_Linear.lib</uri>
    </library>
    <library logical="Switch">
      <uri>/Library/Application Support/kicad/library/Switch.lib</uri>
    </library>
    <library logical="powersupply">
      <uri>/Users/clarissadaniel/Desktop/LabBench2.0/Power_Supply/powersupply/powersupply.lib</uri>
    </library>
  </libraries>
  <nets>
    <net code="1" name="Net-(J2-Pad2)">
      <node ref="J2" pin="2"/>
    </net>
    <net code="2" name="Net-(J2-Pad3)">
      <node ref="J2" pin="3"/>
    </net>
    <net code="3" name="Net-(J2-Pad4)">
      <node ref="J2" pin="4"/>
    </net>
    <net code="4" name="Net-(J2-Pad5)">
      <node ref="J2" pin="5"/>
      <node ref="J2" pin="6"/>
      <node ref="U3" pin="1"/>
    </net>
    <net code="5" name="Net-(J2-Pad1)">
      <node ref="J2" pin="1"/>
      <node ref="U3" pin="2"/>
    </net>
    <net code="6" name="GND">
      <node ref="R16" pin="2"/>
      <node ref="U1" pin="1"/>
      <node ref="C105" pin="2"/>
      <node ref="C102" pin="2"/>
      <node ref="U10" pin="2"/>
      <node ref="C101" pin="2"/>
      <node ref="R13" pin="2"/>
      <node ref="R12" pin="2"/>
      <node ref="C4" pin="2"/>
      <node ref="U2" pin="16"/>
      <node ref="R109" pin="2"/>
      <node ref="R107" pin="2"/>
      <node ref="J1" pin="2"/>
      <node ref="R4" pin="2"/>
      <node ref="C2" pin="2"/>
      <node ref="U7" pin="4"/>
      <node ref="C3" pin="2"/>
      <node ref="R7" pin="2"/>
      <node ref="C1" pin="2"/>
      <node ref="U6" pin="4"/>
      <node ref="U6" pin="2"/>
      <node ref="SW1" pin="2"/>
      <node ref="C104" pin="1"/>
      <node ref="C103" pin="2"/>
      <node ref="U5" pin="4"/>
      <node ref="U3" pin="3"/>
    </net>
    <net code="9" name="+3V3">
      <node ref="R106" pin="2"/>
      <node ref="C104" pin="2"/>
      <node ref="U1" pin="2"/>
      <node ref="U2" pin="19"/>
      <node ref="R105" pin="1"/>
      <node ref="R108" pin="1"/>
      <node ref="U2" pin="17"/>
      <node ref="R101" pin="1"/>
      <node ref="C102" pin="1"/>
      <node ref="U10" pin="5"/>
      <node ref="R104" pin="1"/>
      <node ref="R8" pin="1"/>
    </net>
    <net code="10" name="/center">
      <node ref="U2" pin="1"/>
      <node ref="U5" pin="6"/>
    </net>
    <net code="11" name="/SCK">
      <node ref="U2" pin="10"/>
    </net>
    <net code="12" name="/SWCLK">
      <node ref="J1" pin="1"/>
      <node ref="U2" pin="12"/>
    </net>
    <net code="13" name="/SWDIO">
      <node ref="U2" pin="13"/>
      <node ref="J1" pin="3"/>
    </net>
    <net code="14" name="Net-(R102-Pad2)">
      <node ref="R102" pin="2"/>
      <node ref="U2" pin="15"/>
    </net>
    <net code="15" name="/V_lin_ctrl">
      <node ref="U7" pin="7"/>
      <node ref="U2" pin="18"/>
    </net>
    <net code="16" name="/up">
      <node ref="U5" pin="1"/>
      <node ref="U2" pin="2"/>
    </net>
    <net code="17" name="/left">
      <node ref="U2" pin="3"/>
      <node ref="U5" pin="2"/>
    </net>
    <net code="18" name="Net-(U2-Pad4)">
      <node ref="U2" pin="4"/>
    </net>
    <net code="19" name="Net-(U2-Pad5)">
      <node ref="U2" pin="5"/>
    </net>
    <net code="20" name="/down">
      <node ref="U2" pin="6"/>
      <node ref="U5" pin="3"/>
    </net>
    <net code="21" name="/SDA">
      <node ref="R104" pin="2"/>
      <node ref="U4" pin="4"/>
      <node ref="U2" pin="9"/>
    </net>
    <net code="22" name="Net-(D2-Pad2)">
      <node ref="D2" pin="2"/>
      <node ref="U7" pin="1"/>
    </net>
    <net code="23" name="/Vlim">
      <node ref="R6" pin="1"/>
    </net>
    <net code="24" name="Net-(R6-Pad2)">
      <node ref="R7" pin="1"/>
      <node ref="R6" pin="2"/>
      <node ref="U7" pin="2"/>
    </net>
    <net code="25" name="/V_boost_ctrl">
      <node ref="C105" pin="1"/>
      <node ref="R103" pin="1"/>
    </net>
    <net code="26" name="Net-(R103-Pad2)">
      <node ref="U2" pin="14"/>
      <node ref="R103" pin="2"/>
    </net>
    <net code="27" name="/V_curr_lim">
      <node ref="R102" pin="1"/>
      <node ref="C103" pin="1"/>
    </net>
    <net code="28" name="/right">
      <node ref="U2" pin="7"/>
      <node ref="U5" pin="5"/>
    </net>
    <net code="29" name="Net-(R101-Pad2)">
      <node ref="R101" pin="2"/>
      <node ref="SW1" pin="1"/>
      <node ref="U2" pin="11"/>
    </net>
    <net code="30" name="Net-(D2-Pad1)">
      <node ref="R10" pin="1"/>
      <node ref="Q1" pin="1"/>
      <node ref="D2" pin="1"/>
    </net>
    <net code="31" name="Net-(R10-Pad2)">
      <node ref="R10" pin="2"/>
      <node ref="U7" pin="6"/>
    </net>
    <net code="32" name="Net-(R1-Pad2)">
      <node ref="R1" pin="2"/>
      <node ref="R4" pin="1"/>
      <node ref="R5" pin="1"/>
      <node ref="U6" pin="5"/>
    </net>
    <net code="33" name="Net-(R2-Pad1)">
      <node ref="U6" pin="8"/>
      <node ref="R2" pin="1"/>
    </net>
    <net code="34" name="Net-(D1-Pad2)">
      <node ref="D1" pin="2"/>
      <node ref="U6" pin="1"/>
      <node ref="L1" pin="2"/>
    </net>
    <net code="35" name="Net-(C2-Pad1)">
      <node ref="C2" pin="1"/>
      <node ref="U6" pin="3"/>
    </net>
    <net code="36" name="/Vref">
      <node ref="R1" pin="1"/>
    </net>
    <net code="37" name="Net-(L1-Pad1)">
      <node ref="L1" pin="1"/>
      <node ref="U6" pin="7"/>
      <node ref="R2" pin="2"/>
      <node ref="R3" pin="1"/>
    </net>
    <net code="38" name="Net-(R106-Pad1)">
      <node ref="R107" pin="1"/>
      <node ref="R106" pin="1"/>
      <node ref="U4" pin="1"/>
    </net>
    <net code="39" name="Net-(R108-Pad2)">
      <node ref="R109" pin="1"/>
      <node ref="R108" pin="2"/>
      <node ref="U4" pin="2"/>
    </net>
    <net code="40" name="Net-(C3-Pad1)">
      <node ref="L2" pin="1"/>
      <node ref="C3" pin="1"/>
      <node ref="R5" pin="2"/>
      <node ref="D1" pin="1"/>
    </net>
    <net code="41" name="Net-(R8-Pad2)">
      <node ref="R9" pin="1"/>
      <node ref="R8" pin="2"/>
      <node ref="U7" pin="3"/>
    </net>
    <net code="42" name="Net-(R11-Pad2)">
      <node ref="R12" pin="1"/>
      <node ref="R11" pin="2"/>
      <node ref="U7" pin="8"/>
    </net>
    <net code="43" name="/Boost_out">
      <node ref="L2" pin="2"/>
      <node ref="C5" pin="1"/>
      <node ref="C4" pin="1"/>
      <node ref="R11" pin="1"/>
      <node ref="U9" pin="2"/>
      <node ref="U7" pin="5"/>
      <node ref="Q1" pin="2"/>
      <node ref="Q1" pin="3"/>
      <node ref="U2" pin="8"/>
      <node ref="U8" pin="2"/>
    </net>
    <net code="44" name="/V_negative_out">
      <node ref="C5" pin="2"/>
      <node ref="R9" pin="2"/>
      <node ref="U10" pin="3"/>
      <node ref="U8" pin="1"/>
      <node ref="R13" pin="1"/>
      <node ref="U9" pin="1"/>
    </net>
    <net code="45" name="+5V">
      <node ref="U1" pin="3"/>
      <node ref="R14" pin="1"/>
      <node ref="D3" pin="2"/>
      <node ref="U6" pin="6"/>
      <node ref="C101" pin="1"/>
      <node ref="R3" pin="2"/>
      <node ref="C1" pin="1"/>
    </net>
    <net code="46" name="Net-(D3-Pad1)">
      <node ref="U3" pin="4"/>
      <node ref="R14" pin="2"/>
      <node ref="D3" pin="1"/>
    </net>
    <net code="47" name="/V_current_amplified">
      <node ref="U2" pin="20"/>
      <node ref="R15" pin="1"/>
      <node ref="U10" pin="1"/>
    </net>
    <net code="48" name="Net-(R15-Pad2)">
      <node ref="R16" pin="1"/>
      <node ref="R15" pin="2"/>
      <node ref="U10" pin="4"/>
    </net>
    <net code="49" name="Net-(R105-Pad2)">
      <node ref="R105" pin="2"/>
      <node ref="U4" pin="3"/>
    </net>
  </nets>
</export>
